1,,,,,services  ,,PRV,private,mobile services                    ,,mobile tel tariffs                 ,standard                           ,,, 
2,,,,,services  ,,BUS,business,mobile services                    ,,mobile tel tariffs                 ,standard                           ,,, 
3,,,,,services  ,,PRC,private comfort,mobile services                    ,,mobile tel tariffs                 ,standard                           ,,, 
4,,,,,services  ,,REG,regular,mobile services                    ,,mobile tel tariffs                 ,prepaid                            ,,, 
5,,,,,services  ,,KID,kids,mobile services                    ,,mobile tel tariffs                 ,prepaid                            ,,, 
6,,,,,services  ,,60,60,mobile services                    ,,mobile tel tariffs                 ,quota                              ,,, 
7,,,,,services  ,,180,180,mobile services                    ,,mobile tel tariffs                 ,quota                              ,,, 
8,,,,,services  ,,500,500,mobile services                    ,,mobile tel tariffs                 ,quota                              ,,, 
9,,,,,services  ,,100,1000,mobile services                    ,,mobile tel tariffs                 ,quota                              ,,, 
10,,,,,services  ,,STA,standard,mobile services                    ,,extra services                     ,sms                                ,,, 
11,,,,,services  ,,STM,stock messaging,mobile services                    ,,extra services                     ,sms                                ,,, 
12,,,,,services  ,,SPM,sports messaging,mobile services                    ,,extra services                     ,sms                                ,,, 
13,,,,,services  ,,PRM,privat,mobile services                    ,,extra services                     ,voice box                          ,,, 
14,,,,,services  ,,BUM,business,mobile services                    ,,extra services                     ,voice box                          ,,, 
15,,,,,services  ,,STM,standard,mobile services                    ,,extra services                     ,wap                                ,,, 
16,,,,,services  ,,STR,standard,residential services               ,,residental tel tariffs             ,analog                             ,,, 
17,,,,,services  ,,ISR,business,residential services               ,,residental tel tariffs             ,standard                           ,,, 
18,,,,,services  ,,MLR,private,residential services               ,,residental tel tariffs             ,standard                           ,,, 
19,,,,,services  ,,ADR,private comfort,residential services               ,,residental tel tariffs             ,standard                           ,,, 
20,,,,,services  ,,FLR,flatrate,residential services               ,,internet access                    ,digital                            ,,, 
21,,,,,services  ,,TRR,time rated,residential services               ,,internet access                    ,digital                            ,,, 
22,,,,,hardware  ,,80,80,mobile hardware                    ,,Bomen Mobiles Ltd.                 ,accu                               ,,, 
23,,,,,hardware  ,,120,120,mobile hardware                    ,,Bomen Mobiles Ltd.                 ,accu                               ,,, 
24,,,,,hardware  ,,250,250,mobile hardware                    ,,Bomen Mobiles Ltd.                 ,accu                               ,,, 
25,,,,,hardware  ,,SNC,Snice,mobile hardware                    ,,Bomen Mobiles Ltd.                 ,handset                            ,,, 
26,,,,,hardware  ,,WAX,WAP XXL,mobile hardware                    ,,Bomen Mobiles Ltd.                 ,handset                            ,,, 
27,,,,,hardware  ,,HSX,HS XL,mobile hardware                    ,,Bomen Mobiles Ltd.                 ,headset                            ,,, 
28,,,,,hardware  ,,HSP,HS Premium,mobile hardware                    ,,Bomen Mobiles Ltd.                 ,headset                            ,,, 
29,,,,,,,,,,,,,,, 
30,,,,,,,,,,,,,,, 
31,1995-1-22 0:00,1900-12-31 0:00,,Individual,Bkg Svcs  ,Services,A21,Student Value Package,Acc                                ,Checking Account,Personal Accounts                  ,Chk                                ,A24,High interest,T
32,1998-12-24 0:00,1900-12-31 0:00,,Individual,Bkg Svcs  ,Services,A31,Basic Checking,Acc                                ,Checking Account,Personal Accounts                  ,Chk                                ,A32,No interest,T
33,1996-11-17 0:00,1900-12-31 0:00,,Individual,Bkg Svcs  ,Services,A31,Basic Checking,Acc                                ,Checking Account,Personal Accounts                  ,Chk                                ,A33,Regular interest,T
34,1995-11-14 0:00,1900-12-31 0:00,,Individual,Bkg Svcs  ,Services,A31,Basic Checking,Acc                                ,Checking Account,Personal Accounts                  ,Chk                                ,A34,High interest,T
35,1997-3-17 0:00,1900-12-31 0:00,,Individual,Bkg Svcs  ,Services,A41,Fee Saver Checking,Acc                                ,Checking Account,Personal Accounts                  ,Chk                                ,A42,No interest,T
36,1998-3-12 0:00,1900-12-31 0:00,,Individual,Bkg Svcs  ,Services,A41,Fee Saver Checking,Acc                                ,Checking Account,Personal Accounts                  ,Chk                                ,A43,Regular interest,T
37,1999-11-30 0:00,1900-12-31 0:00,,Individual,Bkg Svcs  ,Services,A21,Student Value Package,Acc                                ,Checking Account,Personal Accounts                  ,Chk                                ,A23,Regular interest,T
38,1996-3-25 0:00,1900-12-31 0:00,,Individual,Bkg Svcs  ,Services,A01,Premium Value Package,Acc                                ,Checking Account,Personal Accounts                  ,Chk                                ,A03,Regular interest,T
39,1996-6-9 0:00,1900-12-31 0:00,,Individual,Bkg Svcs  ,Services,A01,Premium Value Package,Acc                                ,Checking Account,Personal Accounts                  ,Chk                                ,A04,High interest,T
40,1999-7-3 0:00,1900-12-31 0:00,,Individual,Bkg Svcs  ,Services,A11,Classic Value Package,Acc                                ,Checking Account,Personal Accounts                  ,Chk                                ,A12,No interest,T
41,1900-8-14 0:00,1900-12-31 0:00,,Individual,Bkg Svcs  ,Services,A11,Classic Value Package,Acc                                ,Checking Account,Personal Accounts                  ,Chk                                ,A13,Regular interest,T
42,1900-2-6 0:00,1900-12-31 0:00,,Individual,Bkg Svcs  ,Services,A01,Premium Value Package,Acc                                ,Checking Account,Personal Accounts                  ,Chk                                ,A02,No interest,T
43,1997-11-3 0:00,1900-12-31 0:00,,Individual,Bkg Svcs  ,Services,A11,Classic Value Package,Acc                                ,Checking Account,Personal Accounts                  ,Chk                                ,A14,High interest,T
44,1997-7-26 0:00,1900-12-31 0:00,,Individual,Bkg Svcs  ,Services,A21,Student Value Package,Acc                                ,Checking Account,Personal Accounts                  ,Chk                                ,A22,No interest,T
45,1997-3-3 0:00,1900-12-31 0:00,,Both      ,Telco Svcs,Cell Phone,F33,Mobile Phone Unit,CP                                 ,Phone Plan,Communication Pla                  ,Motorola                           ,F33,Economy,T
46,1998-6-3 0:00,1900-12-31 0:00,,Both      ,Telco Svcs,Cell Phone,F83,Mobile Phone Unit,CP                                 ,Phone Plan,Communication Pla                  ,Cellular One                       ,F83,Economy,T
47,1999-1-28 0:00,1900-12-31 0:00,,Both      ,Telco Svcs,Cell Phone,F22,Mobile Phone Unit,CP                                 ,Phone Plan,Communication Pla                  ,Sony                               ,F22,Economy,T
48,1900-1-17 0:00,1900-12-31 0:00,,Both      ,Telco Svcs,Cell Phone,F33,Mobile Phone Unit,CP                                 ,Phone Plan,Communication Pla                  ,Qualcomm                           ,F33,Classic,T
49,1996-4-17 0:00,1900-12-31 0:00,,Both      ,Telco Svcs,Cell Phone,F33,Mobile Phone Unit,CP                                 ,Phone Plan,Communication Pla                  ,Lucent                             ,F33,Economy,T
50,1996-12-26 0:00,1900-12-31 0:00,,Both      ,Telco Svcs,Package E,F66,Caller ID-Internet-Double,PAK                                ,Package Special                    ,Per,Ajax Corporation,F,,
51,1999-5-6 0:00,1900-12-31 0:00,,Business  ,Capmark   ,Investment,CM7,Bonds,ACC                                ,Investment,Investment                         ,NA                                 ,CM7,Low Interest,T
52,1900-3-21 0:00,1900-12-31 0:00,,Individual,Capmark   ,Loan,CM8,401K,ACC                                ,Investment,Investment                         ,NA                                 ,CM8,High Interest,T
53,1996-7-21 0:00,1900-12-31 0:00,,Business  ,Capmark   ,Investment,CM9,Gold,ACC                                ,Investment,Investment                         ,NA                                 ,CM9,Low Interest,T
54,1997-12-24 0:00,1900-12-31 0:00,,Both      ,Telco Svcs,Package A,F22,Call Waiting-Caller ID,PAK                                ,Package Special                    ,Per,Ajax Corporation,F,,
55,1995-12-25 0:00,1900-12-31 0:00,,Both      ,Telco Svcs,Package B,F87,Call Waiting-Voice Mail,PAK                                ,Package Special                    ,Com,Ajax Corporation,F,,
56,1997-3-7 0:00,1900-12-31 0:00,,Both      ,Telco Svcs,Package C,F99,Caller ID-Paging-Double,PAK                                ,Package Special                    ,Sma,Ajax Corporation,F,,
57,1900-1-4 0:00,1900-12-31 0:00,,Individual,Capmark   ,Loan,CM6,Mutual Funds,ACC                                ,Investment,Investment                         ,NA                                 ,CM6,High Interest,T
58,1999-3-1 0:00,1900-12-31 0:00,,Both      ,Telco Svcs,Package D,F01,Voice Mail-Internet-Paging,PAK                                ,Package Special                    ,Inf,Ajax Corporation,F,,
59,1998-12-13 0:00,1900-12-31 0:00,,Individual,CreditCard,Gold,I30,Gold Interest CardGold,CC                                 ,Credit Account,Standard Card                      ,Point                              ,I30,Low Interest,T
60,1996-4-22 0:00,1900-12-31 0:00,,Individual,Capmark   ,Loan,CM0,Home Mortgage,ACC                                ,Loan,Loan                               ,NA                                 ,CM0,High Interest,T
61,1996-1-1 0:00,1900-12-31 0:00,,Business  ,Capmark   ,Loan,CM1,Car Mortgage,ACC                                ,Loan,Loan                               ,NA                                 ,CM1,High Interest,T
62,1995-2-13 0:00,1900-12-31 0:00,,Individual,Capmark   ,Loan,CM2,Student Loan,ACC                                ,Loan,Loan                               ,NA                                 ,CM2,High Interest,T
63,1995-1-10 0:00,1900-12-31 0:00,,Business  ,Capmark   ,Investment,CM3,Credit Card Loan,ACC                                ,Loan,Loan                               ,NA                                 ,CM3,Low Interest,T
64,1995-1-19 0:00,1900-12-31 0:00,,Individual,Capmark   ,Investment,CM4,Home Equity Loan,ACC                                ,Loan,Loan                               ,NA                                 ,CM4,Low Interest,T
65,1998-6-12 0:00,1900-12-31 0:00,,Individual,CreditCard,Platinum,I10,Platinum Interest Card,CC                                 ,Credit Account,Standard Card                      ,Point                              ,I10,Low Interest,T
66,1996-4-30 0:00,1900-12-31 0:00,,Business  ,Capmark   ,Investment,CM5,Stock Purchase,ACC                                ,Investment,Investment                         ,NA                                 ,CM5,Low Interest,T
67,1999-11-11 0:00,1900-12-31 0:00,,Individual,CreditCard,Anti-Theft,I60,Credit Protector,Srv                                ,Service,Protection                         ,Credit                             ,I60,Full Protection,T
68,1996-12-15 0:00,1900-12-31 0:00,,Individual,CreditCard,Gold,I30,Student Gold Card,CC                                 ,Credit Account,Student Card                       ,Middle                             ,I30,High Interest,T
69,1997-4-24 0:00,1900-12-31 0:00,,Individual,CreditCard,Gold,I30,Acme Point Gold Card,CC                                 ,Credit Account,Standard Card                      ,Point                              ,I30,Low Interest,T
70,1998-8-14 0:00,1900-12-31 0:00,,Individual,CreditCard,Credit Line,I70,Installment Loan Product,Acc                                ,Credit Account,Individual Loan                    ,Loan                               ,I70,High Interest,T
71,1996-7-5 0:00,1900-12-31 0:00,,Individual,CreditCard,Green,I50,Ajax Automiles Card,CC                                 ,Credit Account,Business Card                      ,Point                              ,I50,Very High Intere,T
72,1900-7-8 0:00,1900-12-31 0:00,,Individual,CreditCard,Green,I50,Acme Automiles Card,CC                                 ,Credit Account,Business Card                      ,Point                              ,I50,Very High Intere,T
73,1900-6-3 0:00,1900-12-31 0:00,,Individual,CreditCard,Gold,I30,Phone Credit Card,CC                                 ,Credit Account,Business Card                      ,Point                              ,I30,High Interest,T
74,1995-3-20 0:00,1900-12-31 0:00,,Individual,Life Insur,Disability Insurance,H31,Mortgage Decreasing Term,Ins                                ,Insurance,Life Insurance Pr                  ,Insura                             ,H31,Regular Interest,T
75,1997-1-9 0:00,1900-12-31 0:00,,Individual,CreditCard,Platinum,I10,Platinum Select,CC                                 ,Credit Account,Standard Card                      ,High                               ,I10,Low Interest,T
76,1995-11-6 0:00,1900-12-31 0:00,,Individual,CreditCard,Business,I20,Acme Flyer Mile Card,CC                                 ,Credit Account,Business Card                      ,Point                              ,I20,Low Interest,T
77,1997-9-16 0:00,1900-12-31 0:00,,Individual,CreditCard,Gold,I30,Gold Card,CC                                 ,Credit Account,Standard Card                      ,Middle                             ,I30,High Interest,T
78,1998-10-10 0:00,1900-12-31 0:00,,Individual,CreditCard,Student,I40,Ajax Point Gold Card,CC                                 ,Credit Account,Student Card                       ,Point                              ,I40,Very High Intere,T
79,1998-10-25 0:00,1900-12-31 0:00,,Individual,CreditCard,Green,I50,Green Card,CC                                 ,Credit Account,Standard Card                      ,Low                                ,I50,Very High Intere,T
80,1995-3-3 0:00,1900-12-31 0:00,,Individual,Life Insur,Supplement Health,H31,Graded Benefit Life,Ins                                ,Insurance,Life Insurance Pr                  ,Insura                             ,H31,HIGH Interest,T
81,1997-11-23 0:00,1900-12-31 0:00,,Individual,Life Insur,Supplement Health,H21,Combi-Annutities,Ins                                ,Insurance,Special Annuity P                  ,Insura                             ,H21,No Interest,T
82,1995-4-2 0:00,1900-12-31 0:00,,Individual,Life Insur,Disability Insurance,H21,Structured Settlements,Ins                                ,Insurance,Special Annuity P                  ,Insura                             ,H21,Regular Interest,T
83,1997-3-22 0:00,1900-12-31 0:00,,Individual,Life Insur,Group Life Insurance,H21,Terminal Funding,Ins                                ,Insurance,Special Annuity P                  ,Insura                             ,H21,HIGH Interest,T
84,1995-12-8 0:00,1900-12-31 0:00,,Individual,Life Insur,Supplement Health,H31,Universal Life,Ins                                ,Insurance,Life Insurance Pr                  ,Insura                             ,H31,HIGH Interest,T
85,1995-2-28 0:00,1900-12-31 0:00,,Individual,Life Insur,Disability Insurance,H31,5 & 10 year Term,Ins                                ,Insurance,Life Insurance Pr                  ,Insura                             ,H31,Regular Interest,T
86,1900-10-20 0:00,1900-12-31 0:00,,Individual,Life Insur,Group Life Insurance,H31,Whole Life,Ins                                ,Insurance,Life Insurance Pr                  ,Insura                             ,H31,No Interest,T
87,1997-12-1 0:00,1900-12-31 0:00,,Individual,Life Insur,Group Life Insurance,H11,Single Premium Immediate,Ins                                ,Insurance,Immediate Annuity                  ,Insura                             ,H11,No Interest,T
88,1998-6-21 0:00,1900-12-31 0:00,,Individual,P&C Ins.  ,Truck,G01,Prestige,Ind                                ,Insurance,Property and Casu                  ,Truck                              ,G01,Prestige,T
89,1999-10-19 0:00,1900-12-31 0:00,,Individual,Life Insur,Supplement Health,H01,Single Premium Deferred,Ins                                ,Insurance,Deferred Annuity                   ,Insura                             ,H01,No Interest,T
90,1900-12-4 0:00,1900-12-31 0:00,,Individual,Life Insur,Disability Insurance,H01,Double 5,Ins                                ,Insurance,Deferred Annuity                   ,Insura                             ,H01,Regular Interest,T
91,1997-8-11 0:00,1900-12-31 0:00,,Individual,Life Insur,Group Life Insurance,H01,Flexible Premium Deferred,Ins                                ,Insurance,Deferred Annuity                   ,Insura                             ,H01,High Interest,T
92,1995-12-16 0:00,1900-12-31 0:00,,Individual,Life Insur,Supplement Health,H01,TSA and 401(K) annuities,Ins                                ,Insurance,Deferred Annuity                   ,Insura                             ,H01,No Interest,T
93,1995-6-24 0:00,1900-12-31 0:00,,Individual,Life Insur,Disability Insurance,H11,Single Premium Immediate,Ins                                ,Insurance,Immediate Annuity                  ,Insura                             ,H11,Regular Interest,T
94,1999-4-15 0:00,1900-12-31 0:00,,Individual,P&C Ins.  ,Truck,G01,Economy,Ind                                ,Insurance,Property and Casu                  ,Truck                              ,G01,Economy,T
95,1995-10-3 0:00,1900-12-31 0:00,,Individual,P&C Ins.  ,Auto,G01,Classic,Ind                                ,Insurance,Property and Casu                  ,Auto                               ,G01,Classic,T
96,1996-11-21 0:00,1900-12-31 0:00,,Individual,P&C Ins.  ,Auto,G01,Economy,Ind                                ,Insurance,Property and Casu                  ,Auto                               ,G01,Economy,T
97,1999-7-23 0:00,1900-12-31 0:00,,Individual,P&C Ins.  ,Auto,G01,Prestige,Ind                                ,Insurance,Property and Casu                  ,Auto                               ,G01,Prestige,T
98,1997-9-10 0:00,1900-12-31 0:00,,Individual,P&C Ins.  ,Boat,G01,Classic,Ind                                ,Insurance,Property and Casu                  ,Boat                               ,G01,Classic,T
99,1997-12-6 0:00,1900-12-31 0:00,,Individual,P&C Ins.  ,Boat,G01,Economy,Ind                                ,Insurance,Property and Casu                  ,Boat                               ,G01,Economy,T
100,1999-8-5 0:00,1900-12-31 0:00,,Individual,P&C Ins.  ,Boat,G01,Prestige,Ind                                ,Insurance,Property and Casu                  ,Boat                               ,G01,Prestige,T
101,1999-12-17 0:00,1900-12-31 0:00,,Individual,P&C Ins.  ,Truck,G01,Classic,Ind                                ,Insurance,Property and Casu                  ,Truck                              ,G01,Classic,T
102,1900-8-27 0:00,1900-12-31 0:00,,Individual,P&C Ins.  ,Apartment,G01,Prestige,Ind                                ,Insurance,Property and Casu                  ,Apt                                ,G01,Prestige,T
103,1998-12-21 0:00,1900-12-31 0:00,,Business  ,P&C Ins.  ,Truck,G01,Economy,Bus                                ,Insurance,Property and Casu                  ,Truck                              ,G01,Economy,T
104,1900-9-6 0:00,1900-12-31 0:00,,Business  ,P&C Ins.  ,Truck,G01,Prestige,Bus                                ,Insurance,Property and Casu                  ,Truck                              ,G01,Prestige,T
105,1999-3-29 0:00,1900-12-31 0:00,,Individual,P&C Ins.  ,Home,G01,Classic,Ind                                ,Insurance,Property and Casu                  ,Home                               ,G01,Classic,T
106,1998-1-25 0:00,1900-12-31 0:00,,Individual,P&C Ins.  ,Home,G01,Economy,Ind                                ,Insurance,Property and Casu                  ,Home                               ,G01,Economy,T
107,1995-2-13 0:00,1900-12-31 0:00,,Individual,P&C Ins.  ,Home,G01,Prestige,Ind                                ,Insurance,Property and Casu                  ,Home                               ,G01,Prestige,T
108,1995-5-18 0:00,1900-12-31 0:00,,Individual,P&C Ins.  ,Apartment,G01,Classic,Ind                                ,Insurance,Property and Casu                  ,Apt                                ,G01,Classic,T
109,1998-9-26 0:00,1900-12-31 0:00,,Individual,P&C Ins.  ,Apartment,G01,Economy,Ind                                ,Insurance,Property and Casu                  ,Apt                                ,G01,Economy,T
110,1995-11-29 0:00,1900-12-31 0:00,,Business  ,P&C Ins.  ,Truck,G01,Classic,Bus                                ,Insurance,Property and Casu                  ,Truck                              ,G01,Classic,T
111,1999-3-25 0:00,1900-12-31 0:00,,Business  ,P&C Ins.  ,Apartment,G01,Prestige,Bus                                ,Insurance,Property and Casu                  ,Apt                                ,G01,Prestige,T
112,1997-3-4 0:00,1900-12-31 0:00,,Business  ,P&C Ins.  ,Auto,G01,Classic,Bus                                ,Insurance,Property and Casu                  ,Auto                               ,G01,Classic,T
113,1998-5-16 0:00,1900-12-31 0:00,,Business  ,P&C Ins.  ,Auto,G01,Economy,Bus                                ,Insurance,Property and Casu                  ,Auto                               ,G01,Economy,T
114,1999-12-18 0:00,1900-12-31 0:00,,Business  ,P&C Ins.  ,Auto,G01,Prestige,Bus                                ,Insurance,Property and Casu                  ,Auto                               ,G01,Prestige,T
115,1997-10-2 0:00,1900-12-31 0:00,,Business  ,P&C Ins.  ,Boat,G01,Classic,Bus                                ,Insurance,Property and Casu                  ,Boat                               ,G01,Classic,T
116,1999-2-3 0:00,1900-12-31 0:00,,Business  ,P&C Ins.  ,Boat,G01,Economy,Bus                                ,Insurance,Property and Casu                  ,Boat                               ,G01,Economy,T
117,1998-12-21 0:00,1900-12-31 0:00,,Business  ,P&C Ins.  ,Boat,G01,Prestige,Bus                                ,Insurance,Property and Casu                  ,Boat                               ,G01,Prestige,T
118,1995-9-30 0:00,1900-12-31 0:00,,Business  ,P&C Ins.  ,Apartment,G01,Economy,Bus                                ,Insurance,Property and Casu                  ,Apt                                ,G01,Economy,T
119,1999-7-9 0:00,1900-12-31 0:00,,Business  ,Telco Svcs,Services,F01,PBX,Ofc                                ,Phones & Phone S,Phones & Phone Sy                  ,Tel                                ,F01,Standard,T
120,1997-11-9 0:00,1900-12-31 0:00,,Business  ,Telco Svcs,Services,F01,Centrex,Ofc                                ,Phones & Phone S,Phones & Phone Sy                  ,Tel                                ,F01,Standard,T
121,1995-12-10 0:00,1900-12-31 0:00,,Business  ,Telco Svcs,Services,F01,Call Center Solution,Ofc                                ,Phones & Phone S,Phones & Phone Sy                  ,Tel                                ,F01,Standard,T
122,1999-10-19 0:00,1900-12-31 0:00,,Business  ,P&C Ins.  ,Home,G01,Classic,Bus                                ,Insurance,Property and Casu                  ,Home                               ,G01,Classic,T
123,1999-11-10 0:00,1900-12-31 0:00,,Business  ,P&C Ins.  ,Home,G01,Economy,Bus                                ,Insurance,Property and Casu                  ,Home                               ,G01,Economy,T
124,1997-8-14 0:00,1900-12-31 0:00,,Business  ,P&C Ins.  ,Home,G01,Prestige,Bus                                ,Insurance,Property and Casu                  ,Home                               ,G01,Prestige,T
125,1995-8-5 0:00,1900-12-31 0:00,,Business  ,P&C Ins.  ,Apartment,G01,Classic,Bus                                ,Insurance,Property and Casu                  ,Apt                                ,G01,Classic,T
126,1995-10-20 0:00,1900-12-31 0:00,,Business  ,Telco Svcs,Services,F01,Numeric,Ofc                                ,Paging,Paging                             ,Tel                                ,F01,Standard,T
127,1900-3-3 0:00,1900-12-31 0:00,,Business  ,Telco Svcs,Services,F01,One-Way Local,Ofc                                ,Paging,Paging                             ,Tel                                ,F01,Standard,T
128,1997-4-5 0:00,1900-12-31 0:00,,Business  ,Telco Svcs,Services,F01,One-Way Regional,Ofc                                ,Paging,Paging                             ,Tel                                ,F01,Standard,T
129,1999-10-13 0:00,1900-12-31 0:00,,Business  ,Telco Svcs,Services,F01,One-Way National,Ofc                                ,Paging,Paging                             ,Tel                                ,F01,Standard,T
130,1995-6-30 0:00,1900-12-31 0:00,,Business  ,Telco Svcs,Services,F01,One-Way w/ Reply,Ofc                                ,Paging,Paging                             ,Tel                                ,F01,Standard,T
131,1995-10-13 0:00,1900-12-31 0:00,,Business  ,Telco Svcs,Services,F01,Interactive,Ofc                                ,Paging,Paging                             ,Tel                                ,F01,Standard,T
132,1997-11-27 0:00,1900-12-31 0:00,,Business  ,Telco Svcs,Services,F01,One-Way Assured Deleivery,Ofc                                ,Paging,Paging                             ,Tel                                ,F01,Standard,T
133,1900-1-18 0:00,1900-12-31 0:00,,Business  ,Telco Svcs,Services,F01,Alphanumeric,Ofc                                ,Paging,Paging                             ,Tel                                ,F01,Standard,T
134,1996-10-20 0:00,1900-12-31 0:00,,Business  ,Telco Svcs,Services,F01,Local + Roaming,Ofc                                ,Paging,Paging                             ,Tel                                ,F01,Standard,T
135,1999-4-18 0:00,1900-12-31 0:00,,Business  ,Telco Svcs,Services,F01,SONET STS1,Ofc                                ,International Pr,International Pri                  ,Tel                                ,F01,Standard,T
136,1997-3-6 0:00,1900-12-31 0:00,,Business  ,Telco Svcs,Services,F01,Base 23B+D,Ofc                                ,ISDN,ISDN                               ,Tel                                ,F01,Standard,T
137,1999-3-22 0:00,1900-12-31 0:00,,Business  ,Telco Svcs,Services,F01,Service,Ofc                                ,Networks,Networks                           ,Tel                                ,F01,Standard,T
138,1997-9-7 0:00,1900-12-31 0:00,,Business  ,Telco Svcs,Services,F01,Frame Relay Service,Ofc                                ,Networks,Networks                           ,Tel                                ,F01,Standard,T
139,1995-10-28 0:00,1900-12-31 0:00,,Business  ,Telco Svcs,Services,F01,Remote Dial-in,Ofc                                ,Networks,Networks                           ,Tel                                ,F01,Standard,T
140,1996-9-18 0:00,1900-12-31 0:00,,Business  ,Telco Svcs,Services,F01,Private Network,Ofc                                ,Networks,Networks                           ,Tel                                ,F01,Standard,T
141,1999-6-10 0:00,1900-12-31 0:00,,Business  ,Telco Svcs,Services,F01,Local,Ofc                                ,Paging,Paging                             ,Tel                                ,F01,Standard,T
142,1996-9-7 0:00,1900-12-31 0:00,,Business  ,Telco Svcs,Services,F01,SONET OC3/3c,Ofc                                ,International Pr,International Pri                  ,Tel                                ,F01,Standard,T
143,1995-11-20 0:00,1900-12-31 0:00,,Business  ,Telco Svcs,Services,F01,Voice Grade,Ofc                                ,International Pr,International Pri                  ,Tel                                ,F01,Standard,T
144,1996-1-2 0:00,1900-12-31 0:00,,Business  ,Telco Svcs,Services,F01,DS0,Ofc                                ,International Pr,International Pri                  ,Tel                                ,F01,Standard,T
145,1996-9-7 0:00,1900-12-31 0:00,,Business  ,Telco Svcs,Services,F01,Fractional DS1,Ofc                                ,International Pr,International Pri                  ,Tel                                ,F01,Standard,T
146,1999-9-2 0:00,1900-12-31 0:00,,Business  ,Telco Svcs,Services,F01,DS1,Ofc                                ,International Pr,International Pri                  ,Tel                                ,F01,Standard,T
147,1900-2-4 0:00,1900-12-31 0:00,,Business  ,Telco Svcs,Services,F01,Fractional DS3,Ofc                                ,International Pr,International Pri                  ,Tel                                ,F01,Standard,T
148,1999-9-13 0:00,1900-12-31 0:00,,Business  ,Telco Svcs,Services,F01,DS3 ATM,Ofc                                ,International Pr,International Pri                  ,Tel                                ,F01,Standard,T
149,1998-5-14 0:00,1900-12-31 0:00,,Business  ,Telco Svcs,Services,F01,SONET DS3,Ofc                                ,International Pr,International Pri                  ,Tel                                ,F01,Standard,T
150,1995-12-10 0:00,1900-12-31 0:00,,Business  ,Telco Svcs,Services,F01,Metro,Ofc                                ,International Pr,International Pri                  ,Tel                                ,F01,Standard,T
151,1900-1-28 0:00,1900-12-31 0:00,,Business  ,Telco Svcs,Services,F01,Fractional DS1,Ofc                                ,Private Line,Private Line                       ,Tel                                ,F01,Standard,T
152,1997-4-8 0:00,1900-12-31 0:00,,Business  ,Telco Svcs,Services,F01,DS1,Ofc                                ,Private Line,Private Line                       ,Tel                                ,F01,Standard,T
153,1900-8-15 0:00,1900-12-31 0:00,,Business  ,Telco Svcs,Services,F01,Fractional DS3,Ofc                                ,Private Line,Private Line                       ,Tel                                ,F01,Standard,T
154,1998-2-18 0:00,1900-12-31 0:00,,Business  ,Telco Svcs,Services,F01,DS3 ATM,Ofc                                ,Private Line,Private Line                       ,Tel                                ,F01,Standard,T
155,1999-5-1 0:00,1900-12-31 0:00,,Business  ,Telco Svcs,Services,F01,SONET DS3,Ofc                                ,Private Line,Private Line                       ,Tel                                ,F01,Standard,T
156,1995-11-22 0:00,1900-12-31 0:00,,Business  ,Telco Svcs,Services,F01,SONET OC3/3c,Ofc                                ,Private Line,Private Line                       ,Tel                                ,F01,Standard,T
157,1995-1-28 0:00,1900-12-31 0:00,,Business  ,Telco Svcs,Services,F01,SONET STS1,Ofc                                ,Private Line,Private Line                       ,Tel                                ,F01,Standard,T
158,1995-1-25 0:00,1900-12-31 0:00,,Business  ,Telco Svcs,Services,F01,DS0,Ofc                                ,Private Line,Private Line                       ,Tel                                ,F01,Standard,T
159,1998-12-19 0:00,1900-12-31 0:00,,Business  ,Telco Svcs,Services,F01,Analog to Digital,Ofc                                ,Internet,Internet                           ,Tel                                ,F01,Standard,T
160,1997-5-17 0:00,1900-12-31 0:00,,Business  ,Telco Svcs,Services,F01,Firewall,Ofc                                ,Internet,Internet                           ,Tel                                ,F01,Standard,T
161,1998-4-13 0:00,1900-12-31 0:00,,Business  ,Telco Svcs,Services,F01,Web Page Hosting,Ofc                                ,Internet,Internet                           ,Tel                                ,F01,Standard,T
162,1998-9-30 0:00,1900-12-31 0:00,,Business  ,Telco Svcs,Services,F01,Service,Ofc                                ,Internet,Internet                           ,Tel                                ,F01,Standard,T
163,1996-6-4 0:00,1900-12-31 0:00,,Business  ,Telco Svcs,Services,F01,Internet Dialing,Ofc                                ,Internet,Internet                           ,Tel                                ,F01,Standard,T
164,1998-11-23 0:00,1900-12-31 0:00,,Business  ,Telco Svcs,Services,F01,Metro,Ofc                                ,Private Line,Private Line                       ,Tel                                ,F01,Standard,T
165,1997-2-13 0:00,1900-12-31 0:00,,Business  ,Telco Svcs,Services,F01,Voice Grade,Ofc                                ,Private Line,Private Line                       ,Tel                                ,F01,Standard,T
166,1998-5-6 0:00,1900-12-31 0:00,,Business  ,Telco Svcs,Services,F01,Frame to IP,Ofc                                ,Internet,Internet                           ,Tel                                ,F01,Standard,T
167,1995-4-22 0:00,1900-12-31 0:00,,Business  ,Telco Svcs,Services,F01,Incremented T3,Ofc                                ,Internet,Internet                           ,Tel                                ,F01,Standard,T
168,1900-2-4 0:00,1900-12-31 0:00,,Business  ,Telco Svcs,Services,F01,Double T1,Ofc                                ,Internet,Internet                           ,Tel                                ,F01,Standard,T
169,1999-3-22 0:00,1900-12-31 0:00,,Business  ,Telco Svcs,Services,F01,Divided T1,Ofc                                ,Internet,Internet                           ,Tel                                ,F01,Standard,T
170,1999-1-2 0:00,1900-12-31 0:00,,Business  ,Telco Svcs,Services,F01,Backup T1,Ofc                                ,Internet,Internet                           ,Tel                                ,F01,Standard,T
171,1999-1-19 0:00,1900-12-31 0:00,,Business  ,Telco Svcs,Services,F01,DS3 ATM,Ofc                                ,Internet,Internet                           ,Tel                                ,F01,Standard,T
172,1995-10-16 0:00,1900-12-31 0:00,,Business  ,Telco Svcs,Services,F01,OC3 ATM,Ofc                                ,Internet,Internet                           ,Tel                                ,F01,Standard,T
173,1996-3-31 0:00,1900-12-31 0:00,,Business  ,Telco Svcs,Services,F01,International Access,Ofc                                ,Internet,Internet                           ,Tel                                ,F01,Standard,T
174,1996-6-23 0:00,1900-12-31 0:00,,Business  ,Telco Svcs,Services,F01,On Demand T3,Ofc                                ,Internet,Internet                           ,Tel                                ,F01,Standard,T
175,1996-1-25 0:00,1900-12-31 0:00,,Business  ,Telco Svcs,Services,F01,Management Services,Ofc                                ,Video Conferenci,Video Conferencin                  ,Tel                                ,F01,Standard,T
176,1995-3-9 0:00,1900-12-31 0:00,,Business  ,Telco Svcs,Services,F01,ATM Access,Ofc                                ,Voice Conferenci,Voice Conferencin                  ,Tel                                ,F01,Standard,T
177,1995-2-22 0:00,1900-12-31 0:00,,Business  ,Telco Svcs,Services,F01,Premier,Ofc                                ,Voice Conferenci,Voice Conferencin                  ,Tel                                ,F01,Standard,T
178,1996-5-30 0:00,1900-12-31 0:00,,Business  ,Telco Svcs,Services,F01,Standard,Ofc                                ,Voice Conferenci,Voice Conferencin                  ,Tel                                ,F01,Standard,T
179,1996-12-23 0:00,1900-12-31 0:00,,Business  ,Telco Svcs,Services,F01,Unattended,Ofc                                ,Voice Conferenci,Voice Conferencin                  ,Tel                                ,F01,Standard,T
180,1998-6-17 0:00,1900-12-31 0:00,,Business  ,Telco Svcs,Services,F01,ECR,Ofc                                ,Interactive Voic,Interactive Voice                  ,Tel                                ,F01,Standard,T
181,1995-1-30 0:00,1900-12-31 0:00,,Business  ,Telco Svcs,Services,F01,On Demand T1,Ofc                                ,Internet,Internet                           ,Tel                                ,F01,Standard,T
182,1995-4-4 0:00,1900-12-31 0:00,,Business  ,Telco Svcs,Services,F01,H.320 Services,Ofc                                ,Video Conferenci,Video Conferencin                  ,Tel                                ,F01,Standard,T
183,1995-3-20 0:00,1900-12-31 0:00,,Business  ,Telco Svcs,Services,F01,Long Distance,Ofc                                ,Long Distance,Long Distance                      ,Tel                                ,F01,Standard,T
184,1996-7-25 0:00,1900-12-31 0:00,,Business  ,Telco Svcs,Services,F01,National Toll Free,Ofc                                ,Toll Free Servic,Toll Free Service                  ,Tel                                ,F01,Standard,T
185,1996-6-2 0:00,1900-12-31 0:00,,Business  ,Telco Svcs,Services,F01,International Toll Free,Ofc                                ,Toll Free Servic,Toll Free Service                  ,Tel                                ,F01,Standard,T
186,1997-9-21 0:00,1900-12-31 0:00,,Business  ,Telco Svcs,Services,F01,International Calling Car,Ofc                                ,Calling Cards,Calling Cards                      ,Tel                                ,F01,Standard,T
187,1997-8-4 0:00,1900-12-31 0:00,,Business  ,Telco Svcs,Services,F01,ATM Access,Ofc                                ,Video Conferenci,Video Conferencin                  ,Tel                                ,F01,Standard,T
188,1996-11-19 0:00,1900-12-31 0:00,,Business  ,Telco Svcs,Services,F01,Support,Ofc                                ,Video Conferenci,Video Conferencin                  ,Tel                                ,F01,Standard,T
189,1997-3-21 0:00,1900-12-31 0:00,,Business  ,Telco Svcs,Services,F01,Equipment Service,Ofc                                ,Video Conferenci,Video Conferencin                  ,Tel                                ,F01,Standard,T
190,1900-3-5 0:00,1900-12-31 0:00,,Business  ,Telco Svcs,Services,F01,Local Toll,Ofc                                ,Local Toll,Local Toll                         ,Tel                                ,F01,Standard,T
191,1996-9-18 0:00,1900-12-31 0:00,,Residence ,Telco Svcs,Services,F01,3500 CX w/ Caller ID,Hom                                ,Phones & Phone S,Phones & Phone Sy                  ,Tel                                ,F01,Standard,T
192,1995-1-10 0:00,1900-12-31 0:00,,Residence ,Telco Svcs,Services,F01,Jazz II,Hom                                ,Phones & Phone S,Phones & Phone Sy                  ,Tel                                ,F01,Standard,T
193,1995-9-24 0:00,1900-12-31 0:00,,Residence ,Telco Svcs,Services,F01,6816B,Hom                                ,Phones & Phone S,Phones & Phone Sy                  ,Tel                                ,F01,Standard,T
194,1998-10-21 0:00,1900-12-31 0:00,,Residence ,Telco Svcs,Services,F01,6816C Cordless,Hom                                ,Phones & Phone S,Phones & Phone Sy                  ,Tel                                ,F01,Standard,T
195,1999-6-28 0:00,1900-12-31 0:00,,Residence ,Telco Svcs,Services,F01,6816C Cordless w/ Caller,Hom                                ,Phones & Phone S,Phones & Phone Sy                  ,Tel                                ,F01,Standard,T
196,1998-6-18 0:00,1900-12-31 0:00,,Residence ,Telco Svcs,Services,F01,Paging,Hom                                ,Wireless,Wireless                           ,Tel                                ,F01,Standard,T
197,1998-10-11 0:00,1900-12-31 0:00,,Residence ,Telco Svcs,Services,F01,PCS,Hom                                ,Wireless,Wireless                           ,Tel                                ,F01,Standard,T
198,1997-12-11 0:00,1900-12-31 0:00,,Residence ,Telco Svcs,Services,F01,3500 CX,Hom                                ,Phones & Phone S,Phones & Phone Sy                  ,Tel                                ,F01,Standard,T
199,1996-8-30 0:00,1900-12-31 0:00,,Residence ,Telco Svcs,Services,F01,International,Hom                                ,Long Distance,Long Distance                      ,Tel                                ,F01,Standard,T
200,1900-3-17 0:00,1900-12-31 0:00,,Residence ,Telco Svcs,Services,F01,Toll Free,Hom                                ,Long Distance,Long Distance                      ,Tel                                ,F01,Standard,T
201,1997-5-3 0:00,1900-12-31 0:00,,Residence ,Telco Svcs,Services,F01,PCS,Hom                                ,PCS,PCS                                ,Tel                                ,F01,Standard,T
202,1997-12-23 0:00,1900-12-31 0:00,,Residence ,Telco Svcs,Services,F01,Regional Paging,Hom                                ,Paging,Paging                             ,Tel                                ,F01,Standard,T
203,1996-2-9 0:00,1900-12-31 0:00,,Residence ,Telco Svcs,Services,F01,National Paging,Hom                                ,Paging,Paging                             ,Tel                                ,F01,Standard,T
204,1996-10-16 0:00,1900-12-31 0:00,,Residence ,Telco Svcs,Services,F01,International Paging,Hom                                ,Paging,Paging                             ,Tel                                ,F01,Standard,T
205,1999-1-30 0:00,1900-12-31 0:00,,Residence ,Telco Svcs,Services,F01,1500 MX,Hom                                ,Phones & Phone S,Phones & Phone Sy                  ,Tel                                ,F01,Standard,T
206,1997-9-19 0:00,1900-12-31 0:00,,Residence ,Telco Svcs,Services,F01,30 Minutes Free,Hom                                ,Long Distance,Long Distance                      ,Tel                                ,F01,Standard,T
207,1997-10-11 0:00,1900-12-31 0:00,,Residence ,Telco Svcs,Services,F01,800 Call Collect,Hom                                ,Calling Collect,Calling Collect                    ,Tel                                ,F01,Standard,T
208,1999-8-8 0:00,1900-12-31 0:00,,Residence ,Telco Svcs,Services,F01,Voice-Pager-Cell-Fax,Hom,Calling Features,C,,,,
209,1996-11-2 0:00,1900-12-31 0:00,,Residence ,Telco Svcs,Services,F01,M2500,Hom                                ,Fax,Fax                                ,Tel                                ,F01,Standard,T
210,1900-2-25 0:00,1900-12-31 0:00,,Residence ,Telco Svcs,Services,F01,MX,Hom                                ,Fax,Fax                                ,Tel                                ,F01,Standard,T
211,1998-7-4 0:00,1900-12-31 0:00,,Residence ,Telco Svcs,Services,F01,Internet Access,Hom                                ,Internet,Internet                           ,Tel                                ,F01,Standard,T
212,1996-10-15 0:00,1900-12-31 0:00,,Residence ,Telco Svcs,Services,F01,Local Toll,Hom                                ,Local Toll,Local Toll                         ,Tel                                ,F01,Standard,T
213,1996-1-9 0:00,1900-12-31 0:00,,Residence ,Telco Svcs,Services,F01,National Directory Assist,Hom                                ,Long Distance,Long Distance                      ,Tel                                ,F01,Standard,T
214,1999-12-8 0:00,1900-12-31 0:00,,Residence ,Telco Svcs,Services,F01,International Calling Car,Hom                                ,Calling Cards,Calling Cards                      ,Tel                                ,F01,Standard,T
215,1996-11-14 0:00,1900-12-31 0:00,,Individual,Bkg Svcs  ,Services,E01,Personal Loan,Lns                                ,Loans,Individual Loans                   ,Aut                                ,E12,High Risk,T
216,1997-5-21 0:00,1900-12-31 0:00,,Individual,Bkg Svcs  ,Services,E01,Personal Loan,Lns                                ,Loans,Individual Loans                   ,Boa                                ,E13,Standard,T
217,1998-1-27 0:00,1900-12-31 0:00,,Individual,Bkg Svcs  ,Services,E01,Personal Loan,Lns                                ,Loans,Individual Loans                   ,Boa                                ,E14,High Risk,T
218,1998-4-14 0:00,1900-12-31 0:00,,Individual,Bkg Svcs  ,Services,E01,Personal Loan,Lns                                ,Loans,Individual Loans                   ,RV                                 ,E15,Standard,T
219,1999-4-7 0:00,1900-12-31 0:00,,Individual,Bkg Svcs  ,Services,E01,Personal Loan,Lns                                ,Loans,Individual Loans                   ,RV                                 ,E16,High Risk,T
220,1995-2-24 0:00,1900-12-31 0:00,,Residence ,Telco Svcs,Services,F01,Calling Card,Hom                                ,Calling Cards,Calling Cards                      ,Tel                                ,F01,Standard,T
221,1900-4-12 0:00,1900-12-31 0:00,,Individual,Bkg Svcs  ,Services,E01,Personal Loan,Lns                                ,Loans,Individual Loans                   ,Aut                                ,E11,Standard,T
222,1997-1-4 0:00,1900-12-31 0:00,,Residence ,Telco Svcs,Services,F01,Prepaid Calling Card,Hom                                ,Calling Cards,Calling Cards                      ,Tel                                ,F01,Standard,T
223,1996-11-10 0:00,1900-12-31 0:00,,Individual,Bkg Svcs  ,Services,B41,Roth IRA,Acc                                ,Savings Account,Personal Accounts                  ,Sav                                ,B43,Foreign Stocks,T
224,1995-7-30 0:00,1900-12-31 0:00,,Individual,Bkg Svcs  ,Services,B41,Roth IRA,Acc                                ,Savings Account,Personal Accounts                  ,Sav                                ,B44,Government Bonds,T
225,1996-9-16 0:00,1900-12-31 0:00,,Individual,Bkg Svcs  ,Services,B41,Roth IRA,Acc                                ,Savings Account,Personal Accounts                  ,Sav                                ,B45,Corporate Bonds,T
226,1999-4-28 0:00,1900-12-31 0:00,,Individual,Bkg Svcs  ,Services,C01,Home Equity Loan,Lns                                ,Loans,Individual Loans                   ,HEq                                ,C02,Standard,T
227,1900-1-1 0:00,1900-12-31 0:00,,Individual,Bkg Svcs  ,Services,C01,Home Equity Loan,Lns                                ,Loans,Individual Loans                   ,HEq                                ,C03,High risk,T
228,1997-3-29 0:00,1900-12-31 0:00,,Individual,Bkg Svcs  ,Services,D01,Student Loan,Lns                                ,Loans,Individual Loans                   ,Stu                                ,D02,Standard,T
229,1998-1-14 0:00,1900-12-31 0:00,,Individual,Bkg Svcs  ,Services,B41,Roth IRA,Acc                                ,Savings Account,Personal Accounts                  ,Sav                                ,B42,Domestic Stocks,T
230,1900-9-29 0:00,1900-12-31 0:00,,Individual,Bkg Svcs  ,Services,D01,Student Loan,Lns                                ,Loans,Individual Loans                   ,Stu                                ,D03,High risk,T
231,1997-9-21 0:00,1900-12-31 0:00,,Individual,Bkg Svcs  ,Services,B21,Certificate of Deposit,Acc                                ,Savings Account,Personal Accounts                  ,Sav                                ,B33,2 year,T
232,1900-8-22 0:00,1900-12-31 0:00,,Individual,Bkg Svcs  ,Services,B21,Certificate of Deposit,Acc                                ,Savings Account,Personal Accounts                  ,Sav                                ,B34,3 year,T
233,1998-5-22 0:00,1900-12-31 0:00,,Individual,Bkg Svcs  ,Services,B31,Traditional IRA,Acc                                ,Savings Account,Personal Accounts                  ,Sav                                ,B32,Domestic Stocks,T
234,1998-12-6 0:00,1900-12-31 0:00,,Individual,Bkg Svcs  ,Services,B31,Traditional IRA,Acc                                ,Savings Account,Personal Accounts                  ,Sav                                ,B33,Foreign Stocks,T
235,1996-8-17 0:00,1900-12-31 0:00,,Individual,Bkg Svcs  ,Services,B31,Traditional IRA,Acc                                ,Savings Account,Personal Accounts                  ,Sav                                ,B34,Government Bonds,T
236,1999-12-26 0:00,1900-12-31 0:00,,Individual,Bkg Svcs  ,Services,B31,Traditional IRA,Acc                                ,Savings Account,Personal Accounts                  ,Sav                                ,B35,Corporate Bonds,T
237,1999-7-31 0:00,1900-12-31 0:00,,Individual,Bkg Svcs  ,Services,B21,Certificate of Deposit,Acc                                ,Savings Account,Personal Accounts                  ,Sav                                ,B32,1 year,T
238,1995-10-30 0:00,1900-12-31 0:00,,Individual,Bkg Svcs  ,Services,B01,Companion Savings Account,Acc                                ,Savings Account,Personal Accounts                  ,Sav                                ,B12,Low interest,T
239,1997-2-25 0:00,1900-12-31 0:00,,Individual,Bkg Svcs  ,Services,B01,Companion Savings Account,Acc                                ,Savings Account,Personal Accounts                  ,Sav                                ,B13,Regular interest,T
240,1997-7-22 0:00,1900-12-31 0:00,,Individual,Bkg Svcs  ,Services,B01,Companion Savings Account,Acc                                ,Savings Account,Personal Accounts                  ,Sav                                ,B14,High interest,T
241,1995-10-9 0:00,1900-12-31 0:00,,Individual,Bkg Svcs  ,Services,B11,Passbook Savings Account,Acc                                ,Savings Account,Personal Accounts                  ,Sav                                ,B22,Low interest,T
242,1997-9-29 0:00,1900-12-31 0:00,,Individual,Bkg Svcs  ,Services,B11,Passbook Savings Account,Acc                                ,Savings Account,Personal Accounts                  ,Sav                                ,B23,Regular interest,T
243,1900-8-8 0:00,1900-12-31 0:00,,Individual,Bkg Svcs  ,Services,B11,Passbook Savings Account,Acc                                ,Savings Account,Personal Accounts                  ,Sav                                ,B24,High interest,T
244,1998-4-27 0:00,1900-12-31 0:00,,Individual,Bkg Svcs  ,Services,A41,Fee Saver Checking,Acc                                ,Checking Account,Personal Accounts                  ,Chk                                ,A44,High interest,T
245,,,,,,,UB ,The Scene,TABLOID                            ,Targeted free distribution and Subs,,,,MONTHLY,Y
246,,,,,,,ON ,Wellness,TABLOID                            ,Targeted free distribution,,,,BI-MONTHLY,Y
247,,,,,,,RE ,Gotham Gazette,TABLOID                            ,Paid Subscriptions,,,,DAILY,Y
248,,,,,,,TL ,Lifestyle,TABLOID w/Glossy Cover             ,Targeted free distribution,,,,MONTHLY,Y
249,,,,,,,ST ,Travel,8 Page Newsletter                  ,Paid Subscriptions,,,,BI-MONTHLY,Y
250,,,,,,,HN ,Gotham Daily,TABLOID                            ,Paid Subscriptions,,,,DAILY, 
